{
    "279794553358254092": {
        "name": "walllley",
        "class": "Berserker",
        "level": 4,
        "xp": 398,
        "hp": 37,
        "gear": {
            "weapon": "Rusty Berserker Blade",
            "armor": "Cloth Shirt",
            "condition": "Restored",
            "damage_bonus": 10
        },
        "inventory": {
            "Wild Herb": 5,
            "Scrap": 4,
            "Gold Coin": 5,
            "Ancient Coin": 2,
            "Potion Ingredient": 2,
            "Troll Tusk": 2,
            "Enchanted Shard": 1,
            "Canine Tooth": 1,
            "Alpha Pelt": 1,
            "Blood-Soaked Fang": 1,
            "Sap": 13,
            "Twigs": 10,
            "Coal": 1,
            "Enchanted Vine": 4,
            "House Plant": 1,
            "Ancient Sap": 1,
            "Giant Club": 1
        },
        "pending_battle": false,
        "skill_points": 0,
        "stats": {
            "strength": 5,
            "agility": 4,
            "intelligence": 3,
            "vitality": 4,
            "resources_gathered": 60,
            "items_crafted": 1,
            "battles_won": 2
        },
        "house": {
            "level": 1,
            "last_gold_claim": 0
        },
        "achievements": {
            "first_steps": {
                "timestamp": 1746331904.582069,
                "rewarded": true
            },
            "resource_gatherer": {
                "timestamp": 1746332784.213002,
                "rewarded": true
            },
            "homeowner": {
                "timestamp": 1746332808.342203,
                "rewarded": true
            },
            "first_blood": {
                "timestamp": 1746332967.13462,
                "rewarded": true
            }
        },
        "gold": 10,
        "regions_visited": [
            "forest"
        ]
    },
    "474386222102347786": {
        "name": "bl1ndb4nd1t",
        "class": "Necromancer",
        "level": 5,
        "xp": 96,
        "hp": 87,
        "gear": {
            "weapon": "Rusty Necromancer Blade",
            "armor": "Cloth Shirt",
            "condition": "Restored",
            "damage_bonus": 12
        },
        "inventory": {
            "Scrap": 11,
            "Wild Herb": 10,
            "Canine Tooth": 1,
            "Leather Scraps": 1,
            "Bandit Mask": 6,
            "Sap": 2,
            "Vibrant Leaf": 1,
            "Gold Coin": 7,
            "Coal": 8,
            "Iron Ore": 10,
            "Twigs": 2,
            "Wood": 2,
            "Enchanted Vine": 1,
            "Wolf Fang": 1,
            "Stone": 10,
            "Silver Ore": 1,
            "Crystal Shard": 2,
            "Ancient Coin": 3,
            "Rugged Hide": 1,
            "Enchanted Shard": 2,
            "Death Essence": 1,
            "Level 5 Milestone Chest": 1,
            "Potion Ingredient": 1,
            "Feral Claw": 1
        },
        "gold": 45,
        "stats": {
            "strength": 4,
            "agility": 3,
            "intelligence": 5,
            "vitality": 5,
            "battles_won": 2
        },
        "skill_points": 2,
        "pending_battle": false,
        "house": {
            "level": 0,
            "last_gold_claim": 0
        },
        "achievements": {
            "first_steps": {
                "timestamp": 1746332699.040537,
                "rewarded": true
            },
            "first_blood": {
                "timestamp": 1746333668.343257,
                "rewarded": true
            },
            "level_up_rookie": {
                "timestamp": 1746333775.996604,
                "rewarded": true
            }
        }
    }
}